{"hook_msgs": {}}
{"mode": "train", "epoch": 1, "iter": 10, "lr": 0.001, "memory": 2253, "data_time": 0.98765, "loss_text": 7.71377, "loss_center": 8.07803, "loss_reg_x": 8.3459, "loss_reg_y": 7.9277, "loss": 32.0654, "time": 1.08507}
{"mode": "train", "epoch": 1, "iter": 20, "lr": 0.001, "memory": 2253, "data_time": 0.86753, "loss_text": 6.65001, "loss_center": 3.82058, "loss_reg_x": 6.5188, "loss_reg_y": 6.63662, "loss": 23.62601, "time": 0.95393}
{"mode": "train", "epoch": 2, "iter": 10, "lr": 0.001, "memory": 2253, "data_time": 0.96762, "loss_text": 8.47223, "loss_center": 2.89859, "loss_reg_x": 5.12795, "loss_reg_y": 3.3619, "loss": 19.86067, "time": 1.06247}
{"mode": "train", "epoch": 2, "iter": 20, "lr": 0.001, "memory": 2253, "data_time": 0.51087, "loss_text": 5.88894, "loss_center": 2.46411, "loss_reg_x": 5.71273, "loss_reg_y": 4.02838, "loss": 18.09416, "time": 0.61702}
{"mode": "train", "epoch": 3, "iter": 10, "lr": 0.001, "memory": 2253, "data_time": 1.30169, "loss_text": 1.80733, "loss_center": 1.57533, "loss_reg_x": 5.11843, "loss_reg_y": 2.90914, "loss": 11.41024, "time": 1.39863}
{"mode": "train", "epoch": 3, "iter": 20, "lr": 0.001, "memory": 2253, "data_time": 0.25372, "loss_text": 3.96463, "loss_center": 1.91817, "loss_reg_x": 5.25703, "loss_reg_y": 2.83096, "loss": 13.97079, "time": 0.35736}
{"mode": "train", "epoch": 4, "iter": 10, "lr": 0.001, "memory": 2253, "data_time": 0.74607, "loss_text": 3.42242, "loss_center": 2.48762, "loss_reg_x": 5.27951, "loss_reg_y": 4.2518, "loss": 15.44134, "time": 0.84753}
{"mode": "train", "epoch": 4, "iter": 20, "lr": 0.001, "memory": 2253, "data_time": 1.14878, "loss_text": 1.75062, "loss_center": 1.49547, "loss_reg_x": 4.42329, "loss_reg_y": 2.70323, "loss": 10.37261, "time": 1.24777}
{"mode": "train", "epoch": 5, "iter": 10, "lr": 0.001, "memory": 2253, "data_time": 1.11617, "loss_text": 1.54686, "loss_center": 1.62403, "loss_reg_x": 4.91737, "loss_reg_y": 3.40424, "loss": 11.49249, "time": 1.22405}
{"mode": "train", "epoch": 5, "iter": 20, "lr": 0.001, "memory": 2253, "data_time": 0.88688, "loss_text": 1.4503, "loss_center": 1.50514, "loss_reg_x": 4.01555, "loss_reg_y": 2.70144, "loss": 9.67243, "time": 0.9844}
{"mode": "train", "epoch": 6, "iter": 10, "lr": 0.001, "memory": 2253, "data_time": 1.05017, "loss_text": 1.68546, "loss_center": 1.45862, "loss_reg_x": 4.44877, "loss_reg_y": 2.55228, "loss": 10.14514, "time": 1.14328}
{"mode": "train", "epoch": 6, "iter": 20, "lr": 0.001, "memory": 2253, "data_time": 0.51139, "loss_text": 1.36906, "loss_center": 1.60523, "loss_reg_x": 4.8681, "loss_reg_y": 3.17129, "loss": 11.01368, "time": 0.61221}
{"mode": "train", "epoch": 7, "iter": 10, "lr": 0.001, "memory": 2253, "data_time": 0.74901, "loss_text": 2.28441, "loss_center": 1.66539, "loss_reg_x": 5.31179, "loss_reg_y": 3.4163, "loss": 12.67789, "time": 0.85057}
{"mode": "train", "epoch": 7, "iter": 20, "lr": 0.001, "memory": 2253, "data_time": 0.44603, "loss_text": 1.97073, "loss_center": 1.64244, "loss_reg_x": 5.13093, "loss_reg_y": 2.84134, "loss": 11.58544, "time": 0.54934}
{"mode": "train", "epoch": 8, "iter": 10, "lr": 0.001, "memory": 2253, "data_time": 1.30869, "loss_text": 1.71973, "loss_center": 1.29771, "loss_reg_x": 3.65322, "loss_reg_y": 2.66107, "loss": 9.33172, "time": 1.40776}
{"mode": "train", "epoch": 8, "iter": 20, "lr": 0.001, "memory": 2253, "data_time": 0.37823, "loss_text": 1.62163, "loss_center": 1.36142, "loss_reg_x": 4.80511, "loss_reg_y": 2.59406, "loss": 10.38222, "time": 0.47934}
{"mode": "train", "epoch": 9, "iter": 10, "lr": 0.001, "memory": 2253, "data_time": 0.85854, "loss_text": 1.57456, "loss_center": 1.41461, "loss_reg_x": 4.58927, "loss_reg_y": 2.64422, "loss": 10.22265, "time": 0.95551}
{"mode": "train", "epoch": 9, "iter": 20, "lr": 0.001, "memory": 2253, "data_time": 0.55631, "loss_text": 1.77858, "loss_center": 1.56872, "loss_reg_x": 4.23036, "loss_reg_y": 2.22263, "loss": 9.80028, "time": 0.64972}
{"mode": "train", "epoch": 10, "iter": 10, "lr": 0.00099, "memory": 2253, "data_time": 0.81827, "loss_text": 1.94995, "loss_center": 1.74827, "loss_reg_x": 4.94683, "loss_reg_y": 2.88165, "loss": 11.52669, "time": 0.91459}
{"mode": "train", "epoch": 10, "iter": 20, "lr": 0.00099, "memory": 2253, "data_time": 0.82316, "loss_text": 1.12866, "loss_center": 1.53626, "loss_reg_x": 4.60989, "loss_reg_y": 2.80092, "loss": 10.07574, "time": 0.92218}
{"mode": "train", "epoch": 11, "iter": 10, "lr": 0.00099, "memory": 2253, "data_time": 0.96682, "loss_text": 1.78348, "loss_center": 1.65261, "loss_reg_x": 4.80878, "loss_reg_y": 3.5444, "loss": 11.78928, "time": 1.06457}
{"mode": "train", "epoch": 11, "iter": 20, "lr": 0.00099, "memory": 2253, "data_time": 0.54967, "loss_text": 1.13416, "loss_center": 1.01865, "loss_reg_x": 2.96, "loss_reg_y": 1.90371, "loss": 7.01652, "time": 0.65006}
{"mode": "train", "epoch": 12, "iter": 10, "lr": 0.00099, "memory": 2253, "data_time": 1.06104, "loss_text": 2.92338, "loss_center": 1.45148, "loss_reg_x": 4.81788, "loss_reg_y": 2.80654, "loss": 11.99929, "time": 1.1596}
{"mode": "train", "epoch": 12, "iter": 20, "lr": 0.00099, "memory": 2253, "data_time": 0.52765, "loss_text": 1.47485, "loss_center": 1.16985, "loss_reg_x": 3.82988, "loss_reg_y": 2.33195, "loss": 8.80653, "time": 0.61919}
{"mode": "train", "epoch": 13, "iter": 10, "lr": 0.00099, "memory": 2253, "data_time": 1.21316, "loss_text": 2.0217, "loss_center": 1.49385, "loss_reg_x": 4.64875, "loss_reg_y": 3.55957, "loss": 11.72388, "time": 1.30644}
{"mode": "train", "epoch": 13, "iter": 20, "lr": 0.00099, "memory": 2253, "data_time": 0.45443, "loss_text": 1.99516, "loss_center": 1.39295, "loss_reg_x": 4.37654, "loss_reg_y": 3.1338, "loss": 10.89846, "time": 0.55395}
{"mode": "train", "epoch": 14, "iter": 10, "lr": 0.00099, "memory": 2253, "data_time": 0.93199, "loss_text": 7.42797, "loss_center": 1.62177, "loss_reg_x": 4.59214, "loss_reg_y": 3.14724, "loss": 16.78912, "time": 1.03445}
{"mode": "train", "epoch": 14, "iter": 20, "lr": 0.00099, "memory": 2253, "data_time": 0.81874, "loss_text": 8.67818, "loss_center": 1.58722, "loss_reg_x": 3.75089, "loss_reg_y": 2.0173, "loss": 16.03359, "time": 0.91243}
{"mode": "train", "epoch": 15, "iter": 10, "lr": 0.00099, "memory": 2253, "data_time": 1.00034, "loss_text": 35.66064, "loss_center": 11.09082, "loss_reg_x": 11.62341, "loss_reg_y": 11.79095, "loss": 70.16582, "time": 1.09586}
{"mode": "train", "epoch": 15, "iter": 20, "lr": 0.00099, "memory": 2253, "data_time": 0.47418, "loss_text": 195.03502, "loss_center": 24.95681, "loss_reg_x": 14.95762, "loss_reg_y": 13.14526, "loss": 248.09471, "time": 0.57345}
{"mode": "train", "epoch": 16, "iter": 10, "lr": 0.00099, "memory": 2253, "data_time": 1.20011, "loss_text": NaN, "loss_center": NaN, "loss_reg_x": NaN, "loss_reg_y": NaN, "loss": NaN, "time": 1.29758}
{"mode": "train", "epoch": 16, "iter": 20, "lr": 0.00099, "memory": 2253, "data_time": 0.50057, "loss_text": NaN, "loss_center": NaN, "loss_reg_x": NaN, "loss_reg_y": NaN, "loss": NaN, "time": 0.60295}
{"mode": "train", "epoch": 17, "iter": 10, "lr": 0.00099, "memory": 2253, "data_time": 1.57849, "loss_text": NaN, "loss_center": NaN, "loss_reg_x": NaN, "loss_reg_y": NaN, "loss": NaN, "time": 1.67797}
{"mode": "train", "epoch": 17, "iter": 20, "lr": 0.00099, "memory": 2253, "data_time": 0.24256, "loss_text": NaN, "loss_center": NaN, "loss_reg_x": NaN, "loss_reg_y": NaN, "loss": NaN, "time": 0.34851}
{"mode": "train", "epoch": 18, "iter": 10, "lr": 0.00099, "memory": 2253, "data_time": 1.00221, "loss_text": NaN, "loss_center": NaN, "loss_reg_x": NaN, "loss_reg_y": NaN, "loss": NaN, "time": 1.10456}
{"mode": "train", "epoch": 18, "iter": 20, "lr": 0.00099, "memory": 2253, "data_time": 0.6447, "loss_text": NaN, "loss_center": NaN, "loss_reg_x": NaN, "loss_reg_y": NaN, "loss": NaN, "time": 0.73924}
{"mode": "train", "epoch": 19, "iter": 10, "lr": 0.00099, "memory": 2253, "data_time": 0.96536, "loss_text": NaN, "loss_center": NaN,