{"hook_msgs": {"best_score": 0.6487059821807383, "best_ckpt": "/home/ubuntu/cuneiform-sign-detection/logs/fcenet_no_dcvn/3/best_hmean-iou:hmean_epoch_740.pth", "last_ckpt": "/home/ubuntu/cuneiform-sign-detection/logs/fcenet_no_dcvn/3/epoch_725.pth"}, "epoch": 750, "iter": 20250, "mmcv_version": "1.3.13", "time": "Tue Nov  9 09:41:25 2021", "CLASSES": "text"}
{"mode": "train", "epoch": 751, "iter": 10, "lr": 0.00054, "memory": 2302, "data_time": 0.91758, "loss_text": 0.48623, "loss_center": 0.66316, "loss_reg_x": 1.72458, "loss_reg_y": 1.14952, "loss": 4.02349, "time": 1.02898}
{"mode": "train", "epoch": 751, "iter": 20, "lr": 0.00054, "memory": 2302, "data_time": 0.63242, "loss_text": 0.65051, "loss_center": 0.70758, "loss_reg_x": 1.62733, "loss_reg_y": 1.18989, "loss": 4.17531, "time": 0.73681}
{"mode": "train", "epoch": 752, "iter": 10, "lr": 0.00054, "memory": 2302, "data_time": 1.32737, "loss_text": 0.81088, "loss_center": 0.93328, "loss_reg_x": 2.28523, "loss_reg_y": 1.69248, "loss": 5.72187, "time": 1.43752}
{"mode": "train", "epoch": 752, "iter": 20, "lr": 0.00054, "memory": 2302, "data_time": 0.53277, "loss_text": 0.79109, "loss_center": 0.79285, "loss_reg_x": 2.13735, "loss_reg_y": 1.79286, "loss": 5.51415, "time": 0.64004}
{"mode": "train", "epoch": 753, "iter": 10, "lr": 0.00053, "memory": 2302, "data_time": 1.57612, "loss_text": 0.59849, "loss_center": 0.62326, "loss_reg_x": 1.83255, "loss_reg_y": 1.20147, "loss": 4.25579, "time": 1.68366}
{"mode": "train", "epoch": 753, "iter": 20, "lr": 0.00053, "memory": 2302, "data_time": 0.35385, "loss_text": 0.71355, "loss_center": 0.74644, "loss_reg_x": 2.00609, "loss_reg_y": 1.39399, "loss": 4.86008, "time": 0.45149}
{"mode": "train", "epoch": 754, "iter": 10, "lr": 0.00053, "memory": 2302, "data_time": 1.01724, "loss_text": 0.56596, "loss_center": 0.65737, "loss_reg_x": 1.70831, "loss_reg_y": 1.16124, "loss": 4.09288, "time": 1.12439}
{"mode": "train", "epoch": 754, "iter": 20, "lr": 0.00053, "memory": 2302, "data_time": 0.76434, "loss_text": 0.54057, "loss_center": 0.59976, "loss_reg_x": 1.70409, "loss_reg_y": 1.1004, "loss": 3.94481, "time": 0.86466}
{"mode": "train", "epoch": 755, "iter": 10, "lr": 0.00053, "memory": 2302, "data_time": 1.51157, "loss_text": 0.60113, "loss_center": 0.70338, "loss_reg_x": 2.01402, "loss_reg_y": 1.26159, "loss": 4.58012, "time": 1.61901}
{"mode": "train", "epoch": 755, "iter": 20, "lr": 0.00053, "memory": 2302, "data_time": 0.3731, "loss_text": 0.43657, "loss_center": 0.60389, "loss_reg_x": 1.89076, "loss_reg_y": 1.13157, "loss": 4.06279, "time": 0.47771}
{"mode": "train", "epoch": 756, "iter": 10, "lr": 0.00053, "memory": 2302, "data_time": 0.83121, "loss_text": 0.64893, "loss_center": 0.69674, "loss_reg_x": 1.90984, "loss_reg_y": 1.41095, "loss": 4.66646, "time": 0.93268}
{"mode": "train", "epoch": 756, "iter": 20, "lr": 0.00053, "memory": 2302, "data_time": 0.86776, "loss_text": 0.57587, "loss_center": 0.66838, "loss_reg_x": 1.70204, "loss_reg_y": 1.07979, "loss": 4.02609, "time": 0.97347}
{"mode": "train", "epoch": 757, "iter": 10, "lr": 0.00053, "memory": 2302, "data_time": 1.02096, "loss_text": 0.88675, "loss_center": 0.76915, "loss_reg_x": 2.30353, "loss_reg_y": 1.34909, "loss": 5.30852, "time": 1.12457}
{"mode": "train", "epoch": 757, "iter": 20, "lr": 0.00053, "memory": 2302, "data_time": 0.56741, "loss_text": 0.64269, "loss_center": 0.6252, "loss_reg_x": 1.76518, "loss_reg_y": 1.11756, "loss": 4.15064, "time": 0.66416}
{"mode": "train", "epoch": 758, "iter": 10, "lr": 0.00053, "memory": 2302, "data_time": 0.8746, "loss_text": 0.52186, "loss_center": 0.66157, "loss_reg_x": 1.73495, "loss_reg_y": 1.22988, "loss": 4.14825, "time": 0.97551}
{"mode": "train", "epoch": 758, "iter": 20, "lr": 0.00053, "memory": 2302, "data_time": 0.94308, "loss_text": 0.73564, "loss_center": 0.68086, "loss_reg_x": 1.79018, "loss_reg_y": 1.13175, "loss": 4.33843, "time": 1.04713}
{"mode": "train", "epoch": 759, "iter": 10, "lr": 0.00053, "memory": 2302, "data_time": 1.21126, "loss_text": 0.44377, "loss_center": 0.49505, "loss_reg_x": 1.56664, "loss_reg_y": 0.92596, "loss": 3.43142, "time": 1.31376}
{"mode": "train", "epoch": 759, "iter": 20, "lr": 0.00053, "memory": 2302, "data_time": 0.22849, "loss_text": 0.54179, "loss_center": 0.60929, "loss_reg_x": 1.59834, "loss_reg_y": 1.07712, "loss": 3.82654, "time": 0.3287}
{"mode": "train", "epoch": 760, "iter": 10, "lr": 0.00053, "memory": 2302, "data_time": 1.23126, "loss_text": 0.76194, "loss_center": 0.68835, "loss_reg_x": 1.80773, "loss_reg_y": 1.13123, "loss": 4.38925, "time": 1.33968}
{"mode": "train", "epoch": 760, "iter": 20, "lr": 0.00053, "memory": 2302, "data_time": 0.86635, "loss_text": 0.82827, "loss_center": 0.79122, "loss_reg_x": 2.03764, "loss_reg_y": 1.39504, "loss": 5.05218, "time": 0.97245}
{"mode": "val", "epoch": 760, "iter": 27, "lr": 0.00053, "hmean-iou:recall": 0.56287, "hmean-iou:precision": 0.63675, "hmean-iou:hmean": 0.59754}
{"mode": "val", "epoch": 760, "iter": 5, "lr": 0.00053, "memory": 2302, "data_time": 1.43193, "loss_text": 1.12163, "loss_center": 1.273, "loss_reg_x": 3.19547, "loss_reg_y": 1.33723, "loss": 6.92733, "time": 1.49124}
{"mode": "train", "epoch": 761, "iter": 10, "lr": 0.00053, "memory": 2302, "data_time": 0.8301, "loss_text": 0.6022, "loss_center": 0.76009, "loss_reg_x": 1.80592, "loss_reg_y": 1.01926, "loss": 4.18747, "time": 0.9364}
{"mode": "train", "epoch": 761, "iter": 20, "lr": 0.00053, "memory": 2302, "data_time": 0.85907, "loss_text": 0.53744, "loss_center": 0.70457, "loss_reg_x": 2.05276, "loss_reg_y": 1.12145, "loss": 4.41621, "time": 0.95937}
{"mode": "train", "epoch": 762, "iter": 10, "lr": 0.00053, "memory": 2302, "data_time": 0.9295, "loss_text": 0.77351, "loss_center": 0.82294, "loss_reg_x": 2.0501, "loss_reg_y": 1.30588, "loss": 4.95243, "time": 1.03033}
{"mode": "train", "epoch": 762, "iter": 20, "lr": 0.00053, "memory": 2302, "data_time": 1.17922, "loss_text": 0.60347, "loss_center": 0.56606, "loss_reg_x": 1.73311, "loss_reg_y": 1.02264, "loss": 3.92528, "time": 1.28152}
{"mode": "train", "epoch": 763, "iter": 10, "lr": 0.00053, "memory": 2302, "data_time": 1.07519, "loss_text": 0.74688, "loss_center": 0.79381, "loss_reg_x": 2.11794, "loss_reg_y": 1.16582, "loss": 4.82446, "time": 1.17774}
{"mode": "train", "epoch": 763, "iter": 20, "lr": 0.00053, "memory": 2302, "data_time": 0.48172, "loss_text": 0.64969, "loss_center": 0.66854, "loss_reg_x": 1.93015, "loss_reg_y": 1.27666, "loss": 4.52503, "time": 0.58689}
{"mode": "train", "epoch": 764, "iter": 10, "lr": 0.00053, "memory": 2302, "data_time": 1.33725, "loss_text": 0.70482, "loss_center": 0.75154, "loss_reg_x": 1.87692, "loss_reg_y": 1.15356, "loss": 4.48684, "time": 1.43698}
{"mode": "train", "epoch": 764, "iter": 20, "lr": 0.00053, "memory": 2302, "data_time": 0.57278, "loss_text": 0.57889, "loss_center": 0.85331, "loss_reg_x": 2.0665, "loss_reg_y": 1.29832, "loss": 4.79703, "time": 0.67935}
{"mode": "train", "epoch": 765, "iter": 10, "lr": 0.00053, "memory": 2302, "data_time": 0.80896, "loss_text": 0.6102, "loss_center": 0.66382, "loss_reg_x": 1.82609, "loss_reg_y": 1.08791, "loss": 4.18802, "time": 0.90845}
{"mode": "train", "epoch": 765, "iter": 20, "lr": 0.00053, "memory": 2302, "data_time": 0.39151, "loss_text": 0.80379, "loss_center": 0.83331, "loss_reg_x": 2.21784, "loss_reg_y": 1.63005, "loss": 5.48499, "time": 0.49593}
{"mode": "train", "epoch": 766, "iter": 10, "lr": 0.00053, "memory": 2302, "data_time": 1.20921, "loss_text": 0.67256, "loss_center": 0.64221, "loss_reg_x": 1.7554, "loss_reg_y": 1.08801, "loss": 4.15818, "time": 1.30871}
{"mode": "train", "epoch": 766, "iter": 20, "lr": 0.00053, "memory": 2302, "data_time": 0.48304, "loss_text": 0.76138, "loss_center": 0.64956, "loss_reg_x": 1.85089, "loss_reg_y": 1.20154, "loss": 4.46338, "time": 0.58838}
{"mode": "train", "epoch": 767, "iter": 10, "lr": 0.00053, "memory": 2302, "data_time": 1.40214, "loss_text": 0.58053, "loss_center": 0.63172,